A	B	A0B0	A1B0	A2B0	A0B1	A1B1	A2B1	A0B2	A1B2	A2B2	fstW	fstU	dxy
TspeBot_0867	TspeBot_0868	1447955479	314489	76115	318858	672847	284394	77317	273040	5401261	0.220921646643557	0.161659378831897	0.000745681968439998
TspeBot_0867	TspeBot_0869	1448303197	300168	70919	313565	639524	269620	69627	260308	5114372	0.217576258741761	0.160413106960727	0.000709207180473749
TspeBot_0867	TspeBot_0870	1448122253	307936	74749	313475	656746	268878	75599	265956	5273188	0.221033514738306	0.161382046944856	0.000726173857967861
TspeBot_0867	TspeZam_0871	1448853513	486687	614220	1264095	536907	662532	465246	204018	4330051	0.536855862534822	0.418768194760854	0.00182280363798818
TspeBot_0867	TspeTan_0872	1449171106	585770	956244	959663	436137	390476	875668	226039	4363263	0.676965176806839	0.543382384532841	0.00214748355516393
TspeBot_0867	TspeTan_0873	1449138974	585387	951355	1001320	443730	391749	861029	224197	4388371	0.671499644429972	0.537971969978845	0.00215062096558571
TspeBot_0867	TspeTan_0874	1449252587	568698	926387	1037303	446895	420756	815749	213417	4253366	0.661449702206808	0.528287958373267	0.00211646621118111
TspeBot_0867	TspeTan_0875	1449343737	566547	927074	987001	435514	424081	819725	212021	4171668	0.666525352677552	0.533286992593487	0.00209850298942984
TspeBot_0867	TspeTan_0876	1449232164	581632	961043	914821	436250	362146	890865	222540	4333921	0.683486934337212	0.549334214024209	0.00213356678108248
TspeBot_0867	TspeTan_0877	1449415004	566434	935607	890242	422307	372577	857428	214985	4162148	0.681806734224243	0.547865908532453	0.00207588918125847
TspeBot_0867	TspeTan_0878	1449142032	591529	973582	908386	438104	365262	912422	230001	4411622	0.685831420917991	0.551754740471651	0.00216234808857289
TspeBot_0867	TspeTan_0879	1449244332	572602	930002	1009199	443525	397645	828315	215934	4285585	0.666161918016711	0.532670096407838	0.00211105851428972
TspeBot_0867	TspeTan_0881	1449154123	596045	994793	822870	431258	336174	959584	233982	4431484	0.699631368398866	0.565443254929588	0.00217052650321353
TspeBot_0867	TspeTan_0883	1449339212	565624	916733	988705	427883	399737	817374	213214	4206975	0.667616907211938	0.534479484994006	0.00207952502763067
TspeBot_0867	TspeTan_0884	1449291212	569990	936309	954443	434355	379961	850156	217073	4264420	0.674737804151101	0.540921331700707	0.00210191396809313
TspeBot_0867	TspeTan_0885	1449246000	570762	936817	999779	445621	413339	837999	214852	4267209	0.667422076955842	0.53385293328527	0.00212423603915599
TspeBot_0867	TspeTan_0886	1449466050	556890	908823	902642	419559	368639	825962	211747	4121026	0.67627894780842	0.542384969433637	0.00203358584907334
TspeBot_0867	TspeGha_0888	1449366909	749984	1048621	444902	175579	190977	1127781	333565	4519991	0.779060111346731	0.660955048567543	0.00214265763342894
TspeBot_0867	TspeCam_1011	1448873955	534230	784334	1628131	536389	654323	527015	192981	4329373	0.558804006601876	0.439694695567433	0.00211539611102797
TspeBot_0867	TspeCon_1012	1449018317	692137	857072	1291908	295211	520343	709112	288521	4464629	0.637399187973677	0.515383180815005	0.00213302554337735
TspeBot_0867	TspeCam_1013	1449115268	677576	823344	1389679	292271	566636	640031	279488	4333358	0.619733328984846	0.500549400927745	0.00210284814664794
TspeBot_0867	TspeCam_1014	1448880548	532834	785689	1644481	536272	661454	525657	190312	4318435	0.558112995838481	0.439289431915592	0.00212199033163767
TspeBot_0867	TspeCam_1015	1449043391	514053	748838	1670085	525218	675645	479886	181949	4160818	0.547156080989337	0.431130639822473	0.00206598027552791
TspeBot_0867	TspeCam_1016	1449004800	518139	755340	1707655	525945	677785	497476	184156	4194335	0.549009757959718	0.432908195136706	0.00209843503265458
TspeBot_0867	TspeCam_1017	1450207760	412500	601469	1377153	429565	546884	374441	140811	3262001	0.542201914230178	0.427138793947943	0.0016669723762606
TspeBot_0867	TspeCam_1018	1448920512	674556	788843	1665122	333632	668798	535657	269948	4394131	0.579869806839826	0.467147001539805	0.00214676867891264
TspeBot_0867	TspeCam_1019	1448869487	536490	795405	1577370	533010	631108	559050	194836	4358580	0.567992790792126	0.446778430343672	0.00211985232911627
TspeBot_0867	TspeCam_1020	1448952276	668086	773576	1687558	334616	677337	513997	266653	4356139	0.573885983972247	0.462412470609637	0.00212908628493274
TspeBot_0867	TspeCam_1021	1448769357	541080	792279	1653185	544658	661274	539871	196974	4414758	0.559014274228319	0.439837792399129	0.00214711381344133
TspeBot_0867	TspeDRC_1022	1449156783	636324	725833	1733071	331608	704988	448061	249307	4144335	0.557238171611512	0.449610341992339	0.00205848748867994
TspeBot_0867	TspeDRC_1023	1448952764	653440	731354	1662555	339307	696607	483872	264867	4333476	0.563868161301895	0.454183034968391	0.00207364115810849
TspeBot_0867	TspeDRC_1024	1448768695	535156	771239	1684166	547421	681780	509193	195039	4394086	0.549678138369824	0.432576752395176	0.00212759148028073
TspeBot_0867	TspeDRC_1025	1449065657	584450	949319	1075007	455172	401253	855051	223785	4441154	0.664499666346744	0.531277437514997	0.00217701838338082
TspeBot_0868	TspeBot_0869	1447967200	315020	68422	324152	675418	282477	66598	283662	5378264	0.207679671782511	0.154608038996919	0.000738912436578726
TspeBot_0868	TspeBot_0870	1447409677	48157	0	50310	1171740	82556	0	93103	5829945	-0.206938033446161	-0.206938033446161	0.000496968592842661
TspeBot_0868	TspeZam_0871	1448528138	513062	643242	1313299	575427	696354	482949	219356	4567746	0.534050404437199	0.415961978137234	0.00191071313025681
TspeBot_0868	TspeTan_0872	1448858983	622516	1008094	999664	466872	409316	914970	242815	4609035	0.675329837420256	0.541468680082051	0.00225881806408008
TspeBot_0868	TspeTan_0873	1448823634	624063	1001087	1044529	471537	412270	897799	243175	4636405	0.669655740802925	0.536033111369572	0.0022608530181547
TspeBot_0868	TspeTan_0874	1448956013	603783	971723	1079759	474348	441667	847491	230282	4484711	0.659446443176614	0.52618493845234	0.00221806198151542
TspeBot_0868	TspeTan_0875	1449064000	603212	972729	1029476	458859	446365	852003	228782	4389015	0.664851042217684	0.531655597483948	0.00220026146651589
TspeBot_0868	TspeTan_0876	1448927854	619167	1009188	954481	462489	381173	926555	241471	4574034	0.681353508720751	0.54710288450628	0.00223931248518839
TspeBot_0868	TspeTan_0877	1449135788	601448	980705	926020	447269	390447	890924	230808	4382709	0.679955725572163	0.545878966307423	0.00217397474562237
TspeBot_0868	TspeTan_0878	1448816676	631002	1025157	948831	467806	385750	952718	249460	4667329	0.683602418723187	0.549332535746235	0.00227638548765758
TspeBot_0868	TspeTan_0879	1448942440	608423	977628	1051170	470827	418615	862969	234242	4520897	0.664411416391741	0.530825739052001	0.00221676417954673
TspeBot_0868	TspeTan_0881	1448831121	637412	1046909	861244	456888	356513	1001478	254580	4687919	0.69749977401464	0.563234485165552	0.00228491027146047
TspeBot_0868	TspeTan_0883	1449053491	599041	960715	1027742	454848	418621	848831	229628	4430433	0.665591216971818	0.532286240595177	0.00217725319693954
TspeBot_0868	TspeTan_0884	1448999489	606838	982867	994151	458529	399763	885140	235000	4494240	0.67312956352184	0.5392940267398	0.00220509189119858
TspeBot_0868	TspeTan_0885	1448951756	609029	982442	1044280	467407	437489	870537	233986	4496383	0.665587025884859	0.532188201221197	0.00222830355227973
TspeBot_0868	TspeTan_0886	1449195681	590284	952238	937641	444064	386486	858541	227701	4333089	0.674573685019365	0.540554770289894	0.00212896099353758
TspeBot_0868	TspeGha_0888	1449057738	799007	1103548	466266	186635	203156	1175368	360392	4779100	0.776662658525434	0.658143107614648	0.002254011146226
TspeBot_0868	TspeCam_1011	1448530843	569314	824329	1700353	573994	689259	549471	209935	4582990	0.556595133417714	0.437542821758877	0.00222545580188144
TspeBot_0868	TspeCon_1012	1448669926	741357	902237	1355437	312175	552271	739146	315543	4737106	0.63524341892001	0.513509981837403	0.00224900077465438
TspeBot_0868	TspeCam_1013	1448796876	719400	868831	1450842	315413	594798	669728	299808	4580126	0.618454690878967	0.499111033405031	0.00221401546331798
TspeBot_0868	TspeCam_1014	1448532427	567944	824755	1718317	571425	697814	545990	208796	4576559	0.555706156540245	0.437106604082291	0.00223069180450687
TspeBot_0868	TspeCam_1015	1448731531	545940	787625	1740926	559455	708346	500588	196398	4391291	0.545842103923972	0.429743705348266	0.00216968024336938
TspeBot_0868	TspeCam_1016	1448685819	548753	797869	1782272	563743	709908	521213	198792	4428759	0.54802230242274	0.431635806385492	0.00220870524975414
TspeBot_0868	TspeCam_1017	1450001566	434143	628008	1426020	453475	568481	388261	149711	3413788	0.541199086111699	0.426017825486317	0.00173739107816929
TspeBot_0868	TspeCam_1018	1448561265	719387	832220	1742717	361995	705398	560156	291597	4666766	0.577839689269172	0.465092155512547	0.00226469350860854
TspeBot_0868	TspeCam_1019	1448520726	573665	835190	1650123	565353	667397	581256	215599	4617946	0.565721638853058	0.444836935285652	0.00223045789937591
TspeBot_0868	TspeCam_1020	1448604557	711309	814320	1764501	363182	713583	537031	287020	4618679	0.571732782334197	0.460242635285874	0.00224294891010598
TspeBot_0868	TspeCam_1021	1448394374	578468	834427	1730690	583995	698721	563297	216926	4693005	0.556568741815874	0.437526841324461	0.0022643748240371
TspeBot_0868	TspeDRC_1022	1448850104	674337	760954	1807867	354691	740297	464185	268595	4373334	0.555227167021518	0.447769763024216	0.00215870854178245
TspeBot_0868	TspeDRC_1023	1448614240	696253	765770	1737514	361694	736109	501622	286892	4588086	0.561362700788437	0.452054528764163	0.0021783232172944
TspeBot_0868	TspeDRC_1024	1448403576	570897	813054	1763154	586675	718701	530822	213495	4664574	0.547488327145898	0.430470198508133	0.00224262196282318
TspeBot_0868	TspeDRC_1025	1448734494	626897	999188	1126240	479321	424649	893095	246065	4702492	0.662816436090449	0.529764050891243	0.00229309738693435
TspeBot_0869	TspeBot_0870	1448142546	317224	65448	309283	658230	267666	66712	275005	5243574	0.207788010678253	0.15435851167196	0.000718636134784769
TspeBot_0869	TspeZam_0871	1448832618	497381	602186	1256753	547685	660047	457780	208304	4338367	0.531470281669427	0.414068483850165	0.00181490940406653
TspeBot_0869	TspeTan_0872	1449176285	595341	944867	950516	445818	384571	867517	229716	4350631	0.673470042836072	0.539529045484441	0.00213681890616823
TspeBot_0869	TspeTan_0873	1449139686	597628	941218	994917	450024	387992	854512	229649	4379670	0.668330328802811	0.534668479976541	0.00214395607976063
TspeBot_0869	TspeTan_0874	1449253894	581763	914330	1033052	449850	418395	806844	220123	4244759	0.657959255270212	0.524897742202991	0.00210763221303435
TspeBot_0869	TspeTan_0875	1449356344	578102	916129	980665	440735	419060	812058	215648	4155234	0.66342089143942	0.530083269969851	0.0020888581950302
TspeBot_0869	TspeTan_0876	1449243345	593982	948875	910031	438135	359258	880859	229727	4316556	0.680239123794281	0.546073750930721	0.00212309239839294
TspeBot_0869	TspeTan_0877	1449431085	578136	922763	884024	425352	369322	847969	220425	4140837	0.678490935701809	0.544473140362115	0.0020642889242795
TspeBot_0869	TspeTan_0878	1449157789	604124	961086	902640	440540	362679	902633	235886	4390127	0.682633205527271	0.548497652539572	0.00215140255555761
TspeBot_0869	TspeTan_0879	1449224705	585831	923246	1007363	449115	396010	824184	223311	4293880	0.663147345321766	0.529643506779223	0.00211138392948163
TspeBot_0869	TspeTan_0881	1449166317	610034	981303	818340	433000	334000	949949	239617	4414087	0.696388167041022	0.562096291937943	0.00215971380467121
TspeBot_0869	TspeTan_0883	1449320747	578326	909732	984288	435971	397170	813711	218721	4214412	0.664492677828295	0.531196563759412	0.0020788373458118
TspeBot_0869	TspeTan_0884	1449272834	583516	928689	950677	440383	377633	845764	223772	4272399	0.671682214980728	0.537768109266033	0.00210059167423261
TspeBot_0869	TspeTan_0885	1449247559	584291	926624	995241	448723	409896	830825	221010	4259833	0.664414825535897	0.530879415056646	0.00211741455368399
TspeBot_0869	TspeTan_0886	1449420135	568810	907845	899397	432180	365507	827224	216096	4153103	0.673599089266897	0.539304524788484	0.00204148978500164
TspeBot_0869	TspeGha_0888	1449373420	763155	1034472	443004	177204	190696	1115644	341091	4504610	0.77557249632176	0.65687296559028	0.0021315582084202
TspeBot_0869	TspeCam_1011	1448863204	544721	775298	1619959	545698	649540	521954	197870	4330709	0.555343385305292	0.436532483082872	0.00210976866974918
TspeBot_0869	TspeCon_1012	1449018515	706802	847372	1283521	298402	516649	703862	295364	4458091	0.634689975903858	0.512874683395916	0.0021271121400379
TspeBot_0869	TspeCam_1013	1449097905	688848	818076	1382542	303938	560365	636954	283298	4341515	0.616805385803882	0.497516306979936	0.00210170581645437
TspeBot_0869	TspeCam_1014	1448876909	542661	776029	1633109	544993	655751	519736	195885	4313483	0.55467884201781	0.436147179922451	0.00211374535495679
TspeBot_0869	TspeCam_1015	1449014495	526918	745944	1667648	534113	673193	477781	188396	4176824	0.544598251635248	0.428834372352986	0.00207054046727643
TspeBot_0869	TspeCam_1016	1448968294	531645	752566	1703958	535891	675156	496148	191125	4216555	0.546478902165095	0.430584208825601	0.0021038761410726
TspeBot_0869	TspeCam_1017	1450152853	423300	605309	1382898	442190	547863	376601	143256	3300859	0.540217353101952	0.425089281077053	0.00168224601285892
TspeBot_0869	TspeCam_1018	1448919794	685285	780413	1654069	343306	661755	530687	274134	4388032	0.576775693644038	0.464214051210002	0.00213982602525011
TspeBot_0869	TspeCam_1019	1448848922	547968	787959	1569380	542483	625512	554463	201299	4368805	0.564759065590794	0.443767294586832	0.00211635389141637
TspeBot_0869	TspeCam_1020	1448934766	679193	765365	1676797	346094	671186	509576	271276	4363699	0.570512940554533	0.459206485012224	0.00212397193146063
TspeBot_0869	TspeCam_1021	1448763259	550141	781699	1641529	556362	653790	532902	201270	4412340	0.555064421971535	0.436123944025515	0.00213713828675923
TspeBot_0869	TspeDRC_1022	1449129759	647336	722364	1726959	343807	699559	445711	253176	4160720	0.55444729057457	0.446894398300004	0.00205982645884408
TspeBot_0869	TspeDRC_1023	1448941675	667447	721543	1656521	344955	692984	477217	270992	4336415	0.560245703214542	0.451140350205454	0.00206788926695531
TspeBot_0869	TspeDRC_1024	1448765511	544524	763348	1671277	558221	674008	504652	199807	4389474	0.546553593397325	0.429590796711391	0.00212055440198638
TspeBot_0869	TspeDRC_1025	1449055825	597707	940393	1068397	461590	397503	849949	230361	4441742	0.661508298872844	0.528197863276066	0.00217285771769107
TspeBot_0870	TspeZam_0871	1448696059	498418	627155	1283719	559542	677310	472438	207357	4446753	0.53480592625141	0.416560119471557	0.00186128587534979
TspeBot_0870	TspeTan_0872	1449019176	603361	982128	976741	454454	397965	894447	230248	4485178	0.676094934074656	0.542191852684734	0.00220018062860555
TspeBot_0870	TspeTan_0873	1448987155	604489	975211	1020065	458671	400842	877293	230437	4509916	0.670465605485277	0.536797395581527	0.0022013819874099
TspeBot_0870	TspeTan_0874	1449106846	585819	948057	1056639	462380	429638	828804	218733	4369424	0.660099975725119	0.526778614899991	0.00216286130827113
TspeBot_0870	TspeTan_0875	1449206391	586258	949469	1007359	447350	434444	834140	218067	4280769	0.665550709803937	0.532310778563532	0.00214706773944643
TspeBot_0870	TspeTan_0876	1449082342	600612	983759	933184	450123	371053	906111	229587	4453916	0.682114034344814	0.547848153734625	0.00218252824096069
TspeBot_0870	TspeTan_0877	1449275787	584228	957376	906886	436170	380312	872520	219956	4274796	0.680668366480566	0.546566094037917	0.00212199393529509
TspeBot_0870	TspeTan_0878	1448982165	610826	998294	926218	455012	374065	930744	236236	4539543	0.684503190420828	0.550194586876668	0.00221543131272359
TspeBot_0870	TspeTan_0879	1449101407	589542	952774	1027031	458053	406927	843299	222243	4398391	0.665197148681908	0.531564289241902	0.00215910268791577
TspeBot_0870	TspeTan_0881	1448997808	617496	1019884	840447	443960	345395	978476	241195	4558663	0.698549813758366	0.564289566280271	0.00222394386135538
TspeBot_0870	TspeTan_0883	1449204245	580737	936914	1004835	443188	407368	829720	218086	4314134	0.666272214340718	0.532909824842051	0.00212199585737602
TspeBot_0870	TspeTan_0884	1449153479	588415	958374	971595	446798	388761	865434	222817	4375166	0.673882006421319	0.539989473669993	0.00214887768410298
TspeBot_0870	TspeTan_0885	1449102134	590651	958709	1021033	455535	425301	851869	222664	4381387	0.666398478196141	0.53293773144353	0.00217294226925714
TspeBot_0870	TspeTan_0886	1449340247	572666	928752	916836	432930	376321	839586	216725	4220798	0.675222188111318	0.541155518039679	0.00207571949591693
TspeBot_0870	TspeGha_0888	1449217065	774260	1074275	453996	181228	196834	1148869	344356	4647538	0.77782140960037	0.65948012107859	0.00219368773410396
TspeBot_0870	TspeCam_1011	1448712880	551087	803135	1659791	556764	669162	536471	197352	4450863	0.557455439526626	0.43826289503465	0.0021648740185172
TspeBot_0870	TspeCon_1012	1448855167	716789	877666	1321457	302069	536086	720591	299408	4594291	0.636147550377887	0.514337394302187	0.00218496097996016
TspeBot_0870	TspeCam_1013	1448969608	696871	845808	1415675	305962	577793	653741	285015	4448643	0.61921002872316	0.499772809592685	0.00215348299525372
TspeBot_0870	TspeCam_1014	1448714993	549355	803038	1676702	554338	677992	532931	196280	4443418	0.556475655848068	0.437746344687664	0.00216939585600538
TspeBot_0870	TspeCam_1015	1448902023	528949	766987	1700060	543644	689141	488807	184795	4267418	0.546377334287945	0.430177391960876	0.00211175365254161
TspeBot_0870	TspeCam_1016	1448861805	530933	776869	1739220	547476	689528	508749	186878	4301334	0.548674909672702	0.432154409152606	0.00214837361415287
TspeBot_0870	TspeCam_1017	1450117407	423167	613197	1396661	442672	554544	379978	142682	3329716	0.541401035217952	0.426177044825223	0.00169688346320488
TspeBot_0870	TspeCam_1018	1448750815	695262	809419	1698931	350354	684817	546043	276120	4524915	0.578597246309773	0.46573387663097	0.00219990627184912
TspeBot_0870	TspeCam_1019	1448708257	554658	812507	1609774	548320	648330	566654	202205	4479909	0.566396571927601	0.44540208954483	0.00216771012805853
TspeBot_0870	TspeCam_1020	1448791303	688397	791799	1720451	351096	693105	523389	271899	4479618	0.572427359066718	0.460855289090083	0.00217900151325534
TspeBot_0870	TspeCam_1021	1448592212	558435	811365	1686781	565805	678128	548705	202672	4548204	0.557324610468883	0.438147550425507	0.00219859924140993
TspeBot_0870	TspeDRC_1022	1449015646	654129	741424	1765826	344127	719846	453313	255703	4251699	0.555807033272666	0.448256527820111	0.00210159710599654
TspeBot_0870	TspeDRC_1023	1448793724	674505	745180	1695518	350514	715175	489447	271987	4455621	0.562004869822818	0.452590676265926	0.00211801820118886
TspeBot_0870	TspeDRC_1024	1448596015	551372	790668	1718860	568789	698200	517405	200009	4524008	0.54816473425572	0.431019438607883	0.00217855132292454
TspeBot_0870	TspeDRC_1025	1448913022	605934	972019	1098621	465450	412515	870942	231915	4564119	0.663620013485413	0.530512329207136	0.00222899767993082
TspeZam_0871	TspeTan_0872	1448749770	1375898	596774	883124	627632	319075	730620	568177	4322367	0.543552910331917	0.424782179705827	0.00220436535081389
TspeZam_0871	TspeTan_0873	1448712360	1373650	589280	925872	640053	315825	709979	566374	4352409	0.536695319569058	0.419150133706748	0.00220146568125754
TspeZam_0871	TspeTan_0874	1448842726	1337064	571308	956637	648984	343129	672912	537608	4214574	0.527618949843961	0.411638785849513	0.00216437625411664
TspeZam_0871	TspeTan_0875	1448962328	1333694	573287	913732	618583	354204	677545	534497	4117409	0.533990668290184	0.417539865479769	0.00214540743607631
TspeZam_0871	TspeTan_0876	1448831528	1369517	595162	846979	608754	295354	735467	566795	4284590	0.548864901663454	0.429237541121732	0.00217697974408453
TspeZam_0871	TspeTan_0877	1449040500	1334071	581840	824311	586364	309703	711775	545277	4105177	0.548933810638597	0.429688904438365	0.0021216702446299
TspeZam_0871	TspeTan_0878	1448735667	1394287	607655	842924	609204	299322	758690	583047	4359781	0.552425344433793	0.432400632054655	0.00221557939747954
TspeZam_0871	TspeTan_0879	1448820276	1345955	577376	933079	642287	322242	685386	547042	4255174	0.532108775274645	0.415189648142846	0.00216583367887722
TspeZam_0871	TspeTan_0881	1448746803	1410995	623679	766131	584467	278268	802178	596347	4381136	0.566304383231899	0.44414318399046	0.00222464904511854
TspeZam_0871	TspeTan_0883	1448916349	1330043	567672	914323	626304	324523	675281	538878	4180967	0.532648325441289	0.415932760889506	0.00213294234366678
TspeZam_0871	TspeTan_0884	1448862870	1346590	580107	882963	620344	312204	704742	553134	4238469	0.540108701238343	0.421932511533806	0.00215517689677202
TspeZam_0871	TspeTan_0885	1448836104	1351163	581078	927826	633256	343261	695183	547331	4227069	0.534661168105007	0.417732177380052	0.00217926574326711
TspeZam_0871	TspeTan_0886	1449056808	1312369	566346	835841	597937	301353	687423	535501	4095422	0.542357088592652	0.423728645356302	0.0020886779667062
TspeZam_0871	TspeGha_0888	1448955280	1586450	649049	407889	263203	159599	934098	738160	4470779	0.639489295554893	0.51904027085099	0.00216765494210455
TspeZam_0871	TspeCam_1011	1448358617	1216690	446344	1464529	910296	512703	391639	470368	4335037	0.41499758741308	0.324426533869591	0.00214338019459917
TspeZam_0871	TspeCon_1012	1448520516	1430189	506017	1168525	585575	406878	557041	615090	4458962	0.495520136500698	0.393743842099653	0.00217122518132611
TspeZam_0871	TspeCam_1013	1448624034	1395110	481482	1260150	600513	448148	499572	583540	4330786	0.47858014955378	0.381486180957379	0.00214287100267806
TspeZam_0871	TspeCam_1014	1448355174	1215250	447188	1481935	914137	519389	389162	467996	4330325	0.413970527932036	0.323791943059046	0.00215051045477477
TspeZam_0871	TspeCam_1015	1448523039	1172313	422673	1507826	908155	533430	352185	442546	4179851	0.403288896419892	0.316689292084151	0.00209664259483639
TspeZam_0871	TspeCam_1016	1448481208	1186447	430334	1551918	903240	537358	371206	451289	4213926	0.408182547204823	0.320851264800518	0.00213744492638222
TspeZam_0871	TspeCam_1017	1449807941	946324	341390	1254695	725207	436681	277891	341782	3275410	0.402566448679219	0.317001736829811	0.0016959057803443
TspeZam_0871	TspeCam_1018	1448393066	1373534	448771	1506479	707877	522162	397489	553728	4410188	0.436605467541389	0.350076466474533	0.00217933280391532
TspeZam_0871	TspeCam_1019	1448340083	1229274	455923	1422747	895114	496246	420630	485243	4370335	0.424390202486682	0.331044046599522	0.00215405761434161
TspeZam_0871	TspeCam_1020	1448425652	1359089	439313	1526922	713652	529424	381222	545525	4372768	0.431229121415549	0.346300290055935	0.0021654357335583
TspeZam_0871	TspeCam_1021	1448228528	1232930	451456	1488404	929646	516127	402315	481685	4431035	0.41492082280971	0.324140647427996	0.00217957039435545
TspeZam_0871	TspeDRC_1022	1448646857	1294377	406620	1573937	714872	555366	322533	507275	4162651	0.414527938147263	0.335104626745898	0.00209305922886762
TspeZam_0871	TspeDRC_1023	1448439399	1328823	413215	1501631	725245	542453	357302	541371	4338553	0.421328530745692	0.338912096768231	0.00211925932524069
TspeZam_0871	TspeDRC_1024	1448233203	1218608	437313	1516274	940664	532225	375958	474683	4406246	0.40580952447373	0.317879745923726	0.00216337830418457
TspeZam_0871	TspeDRC_1025	1448620277	1382176	585626	998276	656232	327017	707283	571080	4412415	0.530614390896705	0.414526237528749	0.00223574578329318
TspeTan_0872	TspeTan_0873	1447731065	594912	175448	630348	875143	410152	171118	400857	5169804	0.299670083095116	0.22517279122204	0.00123768914614849
TspeTan_0872	TspeTan_0874	1447891946	574591	168737	662948	875572	445439	158237	378700	4995364	0.292191259481284	0.221290777430307	0.00123311273454319
TspeTan_0872	TspeTan_0875	1448019692	574984	173795	625624	851039	444466	163072	375581	4896243	0.299993682003978	0.226499979274198	0.00121741925561288
TspeTan_0872	TspeTan_0876	1447749403	550312	121345	521097	899071	362934	124237	396265	5179348	0.248902642362057	0.186906067512508	0.00110613164516783
TspeTan_0872	TspeTan_0877	1447983974	536562	117244	505892	866800	380896	120430	384279	4971072	0.250480483750649	0.189307749989154	0.00108175289282525
TspeTan_0872	TspeTan_0878	1447616344	563267	121919	515916	901794	368590	125289	414151	5286142	0.249977236459069	0.18839763359622	0.00111893124039715
TspeTan_0872	TspeTan_0879	1447868068	571361	166791	632620	885887	409045	158361	376352	5047669	0.288785819631763	0.216528762762269	0.00121060706260113
TspeTan_0872	TspeTan_0881	1447765540	644892	208606	520255	788110	352387	222221	449010	5231974	0.346891175567273	0.258560114887935	0.00124170794893811
TspeTan_0872	TspeTan_0883	1447986681	557786	172845	616050	872301	406241	164342	370944	4950854	0.295608118410901	0.220458265846841	0.00120105099186576
TspeTan_0872	TspeTan_0884	1447934619	586524	179151	602930	843090	398191	177811	392352	5018769	0.308987730035332	0.231421276841961	0.00121452159195215
TspeTan_0872	TspeTan_0885	1447855079	571174	167818	624943	882074	433114	161836	381714	5035040	0.291526746646166	0.219055527300888	0.00121979801960287
TspeTan_0872	TspeTan_0886	1448185450	574559	181574	570773	805424	382813	179044	383276	4830058	0.317008722792356	0.236975608371788	0.00118058429937988
TspeTan_0872	TspeGha_0888	1449066699	1167284	964434	452930	212386	180314	1135544	496933	4630689	0.729526783424193	0.606314339481434	0.0023005450909746
TspeTan_0872	TspeCam_1011	1448539247	891579	723356	1651317	679717	604947	528709	310219	4452891	0.516454681929548	0.404126724261407	0.0022771499792158
TspeTan_0872	TspeCon_1012	1448682312	1077185	802095	1316819	406241	479601	723563	424075	4594792	0.594372780703327	0.476036598739593	0.0023158059811235
TspeTan_0872	TspeCam_1013	1448804354	1052283	768532	1412930	408120	524449	655794	404256	4445842	0.577972811843583	0.462958951959718	0.00228001264552376
TspeTan_0872	TspeCam_1014	1448527813	891325	723147	1669187	683595	614501	526639	307220	4453892	0.514965543453256	0.403031924604178	0.00228517973571508
TspeTan_0872	TspeCam_1015	1448728282	861082	694107	1695945	669709	625532	485786	289664	4273834	0.506628760788046	0.397244241088975	0.00222917481404771
TspeTan_0872	TspeCam_1016	1448678164	866758	697658	1736618	669399	630675	500974	297068	4311715	0.507923824501426	0.398681026951773	0.00226201029656813
TspeTan_0872	TspeCam_1017	1449995967	686027	554431	1391664	538833	504341	377204	222457	3325423	0.502917967581609	0.394589621993079	0.00178601984380522
TspeTan_0872	TspeCam_1018	1448564999	1045791	732023	1692216	475363	619369	543642	390529	4536761	0.537622650574002	0.430358459238062	0.00232229356276605
TspeTan_0872	TspeCam_1019	1448524821	900568	736673	1605390	670167	587075	564891	317883	4487075	0.526122080825994	0.411534882372929	0.00229163330049569
TspeTan_0872	TspeCam_1020	1448612603	1033115	722357	1716232	478124	624304	524549	384737	4487253	0.532995637852403	0.426800826297272	0.00230714424056943
TspeTan_0872	TspeCam_1021	1448403846	906879	737213	1683057	692456	613427	547419	319544	4557748	0.517751037259184	0.405112307677855	0.00232595326855742
TspeTan_0872	TspeDRC_1022	1448847652	984651	675006	1760001	475316	650397	455604	356692	4256964	0.516833924733279	0.414873053264913	0.00222435543093163
TspeTan_0872	TspeDRC_1023	1448662217	1024903	710424	1710503	472553	633285	513326	380875	4438091	0.530740611520188	0.425292578037897	0.00228639281538496
TspeTan_0872	TspeDRC_1024	1448413181	894760	723019	1713479	705280	626518	520521	310194	4531848	0.509645020097781	0.398650944861007	0.00230976815756684
TspeTan_0872	TspeDRC_1025	1447772644	649320	251536	758975	835755	422461	241531	405398	5150763	0.358038016518471	0.269249124444784	0.0013930914408124
TspeTan_0873	TspeTan_0874	1447754535	553697	112466	607067	965927	418865	107017	360987	5086707	0.228324698374248	0.174144211639101	0.00114889567695968
TspeTan_0873	TspeTan_0875	1447928318	581618	136218	594819	902636	431897	133917	368095	4956075	0.262682948585032	0.199436682332021	0.00117419509290127
TspeTan_0873	TspeTan_0876	1447814283	625784	173642	562444	864182	363447	179850	407406	5137703	0.303647402953202	0.226161077367733	0.00121220291194019
TspeTan_0873	TspeTan_0877	1448067961	619604	170928	555902	820657	382230	176026	397490	4918683	0.30898047365581	0.23220669752109	0.00119145951773389
TspeTan_0873	TspeTan_0878	1447697835	650332	175082	565450	849833	377896	185800	430256	5231201	0.309587373881633	0.232559699676843	0.00123459025830602
TspeTan_0873	TspeTan_0879	1447754967	567028	124128	593369	949429	392925	120399	369131	5120569	0.24201452611217	0.182539690179734	0.00115417396763139
TspeTan_0873	TspeTan_0881	1447681027	644481	183932	484515	852327	330279	201262	437154	5286234	0.317810808537531	0.233962890282232	0.00120841325225709
TspeTan_0873	TspeTan_0883	1447875567	563474	115052	585360	919634	395539	113605	367450	5028831	0.239616460576509	0.182799290048236	0.00112941317349911
TspeTan_0873	TspeTan_0884	1447830157	589422	132576	567567	899131	384571	139389	384246	5088916	0.263042441271799	0.198324002503147	0.00115687844702391
TspeTan_0873	TspeTan_0885	1447763298	575362	124644	587955	938314	419263	129205	371247	5094899	0.248894825117699	0.18828837133409	0.00116752377168816
TspeTan_0873	TspeTan_0886	1448060636	568079	130594	527969	875992	363311	134881	370688	4916394	0.262270997316745	0.196362303301729	0.00111164265156887
TspeTan_0873	TspeGha_0888	1449027413	1212852	944097	454171	213756	182314	1125550	502679	4660859	0.723639011656758	0.600247859650516	0.00229889497145939
TspeTan_0873	TspeCam_1011	1448484867	933529	702269	1650669	695382	604864	521017	306779	4495129	0.509214028654596	0.398332024812099	0.00227571997057134
TspeTan_0873	TspeCon_1012	1448641344	1126843	778530	1320596	404846	484882	713335	428619	4627330	0.588056190498203	0.471166623015995	0.00231381356795188
TspeTan_0873	TspeCam_1013	1448752820	1092541	748442	1408039	423515	524122	648964	401694	4484870	0.571246135216371	0.457065264654934	0.00227795382472519
TspeTan_0873	TspeCam_1014	1448481453	931072	701107	1666218	698813	612016	516501	303924	4490815	0.507480602154963	0.397032332280657	0.00227895304901886
TspeTan_0873	TspeCam_1015	1448677742	897581	677477	1692799	688587	621774	478936	286460	4312458	0.499921256737344	0.391699076068494	0.00222857995117433
TspeTan_0873	TspeCam_1016	1448627473	906799	680666	1736828	683687	629747	494478	294965	4351149	0.501617867109421	0.393703286734461	0.00226353804826359
TspeTan_0873	TspeCam_1017	1449949006	716967	537064	1388733	556634	501419	369676	218652	3361310	0.494595049736474	0.387750705560199	0.00178234320848174
TspeTan_0873	TspeCam_1018	1448520178	1084185	715139	1687910	494881	615160	538360	385424	4571378	0.531340544037461	0.424936290906026	0.00232226086979235
TspeTan_0873	TspeCam_1019	1448473649	942358	716969	1604009	685491	584821	557133	314283	4528777	0.519256046837784	0.405933275412342	0.00228988333020698
TspeTan_0873	TspeCam_1020	1448560806	1074259	702610	1713117	496003	621702	517906	379538	4528972	0.526130432082585	0.421071175669019	0.00230552394638716
TspeTan_0873	TspeCam_1021	1448356584	946524	717722	1680254	710667	609017	539616	314644	4596109	0.510829106760912	0.399375017063989	0.00232290575661903
TspeTan_0873	TspeDRC_1022	1448802645	1024726	658178	1760003	490429	647098	448872	352027	4294822	0.510436627019911	0.409723452039362	0.00222436657975419
TspeTan_0873	TspeDRC_1023	1448618709	1067014	694171	1709555	487451	630149	509089	376241	4474471	0.524945246792563	0.420515425056071	0.00228886663645208
TspeTan_0873	TspeDRC_1024	1448365823	935550	702188	1710098	722132	624504	513282	305629	4568933	0.502634896814261	0.392986725814864	0.0023068537097979
TspeTan_0873	TspeDRC_1025	1447686487	657862	224782	728649	886135	409585	221798	398939	5205875	0.334511729020992	0.250267167458012	0.00136441743946475
TspeTan_0874	TspeTan_0875	1448075637	612157	131770	572195	911435	404951	135350	398031	4796967	0.260084666250511	0.197654750371855	0.00117888675900548
TspeTan_0874	TspeTan_0876	1447965997	660130	154935	544576	864781	342607	167926	440966	4972670	0.291593283986637	0.219577355146219	0.00120141025604504
TspeTan_0874	TspeTan_0877	1448196005	648236	151961	536923	827427	359338	160908	430082	4774169	0.294106561050067	0.223204141418195	0.00117704113587118
TspeTan_0874	TspeTan_0878	1447857687	680654	157749	546636	851375	353992	170946	466474	5057493	0.296971019337905	0.225380385022819	0.00122121281541217
TspeTan_0874	TspeTan_0879	1447923103	601879	120832	574528	947367	372147	123784	404278	4940126	0.243222830026633	0.184357744414218	0.00116394652281193
TspeTan_0874	TspeTan_0881	1447853769	684002	170347	469448	843837	315722	197420	474360	5099333	0.312838304091824	0.232741789894318	0.00120969819003249
TspeTan_0874	TspeTan_0883	1448010541	575779	107882	546144	949200	364601	111675	392847	4869832	0.229266590873967	0.173750577403574	0.00112219968142515
TspeTan_0874	TspeTan_0884	1447967392	606237	118375	535213	918669	356472	128286	414827	4929661	0.248044057580442	0.187786278389866	0.00114175713819815
TspeTan_0874	TspeTan_0885	1447912447	602818	117102	565415	945918	392014	123642	406015	4930627	0.242098716393786	0.184228565822286	0.00116541117031285
TspeTan_0874	TspeTan_0886	1448216253	606413	124729	519025	862741	348348	132125	411915	4747764	0.262003484409566	0.198929046146092	0.00112026742970235
TspeTan_0874	TspeGha_0888	1449158251	1249186	889614	441031	217410	172461	1091580	530301	4508598	0.713180694654127	0.589422790934339	0.00225363929183164
TspeTan_0874	TspeCam_1011	1448635664	967588	662849	1605855	703776	573680	505769	331141	4342760	0.50037233173336	0.391250446829779	0.00223518685887387
TspeTan_0874	TspeCon_1012	1448791319	1156349	734125	1281340	420627	457077	692133	449266	4468732	0.578341109813982	0.4624859795164	0.00226856272346072
TspeTan_0874	TspeCam_1013	1448893027	1120474	707241	1366713	441078	494014	630419	422378	4336524	0.561784241467927	0.448671961466914	0.00223530030955563
TspeTan_0874	TspeCam_1014	1448632991	965968	661302	1622640	705511	581363	500770	328725	4338431	0.498626018525454	0.390053082716472	0.00223828506782874
TspeTan_0874	TspeCam_1015	1448814716	931823	635422	1648458	695370	593309	462365	310871	4172755	0.49020744564463	0.384166493292997	0.0021859554370776
TspeTan_0874	TspeCam_1016	1448772669	941625	640857	1689986	690996	599553	479728	318163	4205640	0.492779518546113	0.386755751077989	0.00222221720586151
TspeTan_0874	TspeCam_1017	1450042222	746483	506291	1357449	562107	480665	358281	239041	3262986	0.485443118446298	0.380775284917964	0.00175461205843256
TspeTan_0874	TspeCam_1018	1448676739	1118957	670383	1645611	500222	586093	517849	410812	4413155	0.521763288084342	0.417494705280762	0.00227561802030498
TspeTan_0874	TspeCam_1019	1448625631	975867	673254	1560088	690488	557154	537069	341191	4372557	0.509553682765727	0.398291057112026	0.00224414885283368
TspeTan_0874	TspeCam_1020	1448712910	1106096	659167	1666051	505548	592685	499914	403917	4371961	0.516635092712244	0.413520772283222	0.00225998509258282
TspeTan_0874	TspeCam_1021	1448518482	981924	674321	1632722	716470	579643	522662	338832	4433594	0.501666451671396	0.392148654671114	0.00227768895699403
TspeTan_0874	TspeDRC_1022	1448936269	1054110	619710	1711912	507128	614931	435903	372332	4156361	0.501170630246524	0.402117170482863	0.00218444911643476
TspeTan_0874	TspeDRC_1023	1448759413	1096582	649162	1661643	501090	600489	489191	399392	4326637	0.51444743204534	0.412043503449436	0.00224064981069424
TspeTan_0874	TspeDRC_1024	1448527930	972076	662526	1665212	725156	594908	498066	332172	4406855	0.494287147458336	0.386596542165341	0.00226644831397634
TspeTan_0874	TspeDRC_1025	1447852105	694264	194307	707505	877310	391966	199887	437189	5028451	0.318119814204885	0.241375030883338	0.00133777380085072
TspeTan_0875	TspeTan_0876	1448079225	627515	157576	549045	829542	350372	170933	450416	4877466	0.300129218212493	0.226800799515468	0.00118945361484657
TspeTan_0875	TspeTan_0877	1448318531	616808	164666	541930	794803	363528	174317	435964	4674195	0.310631101903556	0.235054411102659	0.00117815910744568
TspeTan_0875	TspeTan_0878	1447983874	642557	170509	545300	827425	355374	185758	468283	4952065	0.311766507399418	0.235028143203704	0.00121948940251532
TspeTan_0875	TspeTan_0879	1448052113	571310	127646	583489	908087	374837	127031	413270	4838714	0.254227812385646	0.19307159700376	0.00115396809227351
TspeTan_0875	TspeTan_0881	1447976909	640872	179608	467978	828822	308313	203801	471215	5001762	0.321468871094619	0.237564405358216	0.00119636960976466
TspeTan_0875	TspeTan_0883	1448172438	562495	130893	571671	886245	374674	132200	407471	4746193	0.261222207468567	0.197820537619712	0.00114312429252327
TspeTan_0875	TspeTan_0884	1448113629	576001	135625	544983	884147	353818	141612	417895	4817532	0.267358845157782	0.200852673302815	0.00114400816158822
TspeTan_0875	TspeTan_0885	1448033169	563442	118131	568515	912019	393631	119031	416396	4831806	0.245662660750181	0.187787991474627	0.00114300386823466
TspeTan_0875	TspeTan_0886	1448329573	565862	130364	517856	842965	344430	134807	412602	4657451	0.268488393329677	0.202709090822772	0.00110377695128077
TspeTan_0875	TspeGha_0888	1449262376	1191803	896833	437961	213052	168665	1094042	531468	4411460	0.718403255077361	0.594749597690603	0.00223723245288672
TspeTan_0875	TspeCam_1011	1448749715	921014	670356	1599878	676542	570249	508217	344595	4245920	0.506517633306046	0.3965910839926	0.0022181594844732
TspeTan_0875	TspeCon_1012	1448913139	1104313	741726	1276013	399263	453060	693780	459132	4362427	0.584420434003226	0.468069045741604	0.0022499931985528
TspeTan_0875	TspeCam_1013	1449011641	1074018	714270	1363178	413908	492919	633570	433859	4234694	0.568316999718753	0.454803310310886	0.00221944803760046
TspeTan_0875	TspeCam_1014	1448754898	919645	670209	1616647	676103	577339	504641	341884	4236797	0.505479081055222	0.395992337401576	0.00222221976425818
TspeTan_0875	TspeCam_1015	1448933838	890604	643915	1644448	661913	591010	466811	324413	4075847	0.497482201423886	0.390618827516816	0.00217175200158147
TspeTan_0875	TspeCam_1016	1448892020	894907	649647	1682056	664113	592356	483272	329811	4108721	0.499424982616748	0.392345375135177	0.00220431140831957
TspeTan_0875	TspeCam_1017	1450126730	713415	514217	1356835	536543	478228	361078	250277	3195243	0.49247263539163	0.386968217224193	0.00174469103423107
TspeTan_0875	TspeCam_1018	1448800930	1069479	677685	1637462	474934	581565	520722	422178	4307414	0.52798074227479	0.422916003052239	0.00225658774084405
TspeTan_0875	TspeCam_1019	1448753831	930286	683306	1554191	661549	552186	542502	352374	4267081	0.516867772897038	0.404626846794736	0.00222938147565912
TspeTan_0875	TspeCam_1020	1448835344	1056582	667152	1659117	481372	586249	501674	414624	4269432	0.522684082675857	0.418729701477798	0.00224056342337446
TspeTan_0875	TspeCam_1021	1448646491	932615	682299	1624079	690294	573020	525057	350184	4327032	0.507916288529035	0.397434667249832	0.00225765391164855
TspeTan_0875	TspeDRC_1022	1449049991	1008384	627726	1705447	479257	609860	438434	385109	4062804	0.507696666406661	0.407800883239755	0.0021669363568956
TspeTan_0875	TspeDRC_1023	1448882014	1050139	659156	1656379	473880	595270	494521	410903	4224954	0.521557866262186	0.418197931381963	0.00222631471634967
TspeTan_0875	TspeDRC_1024	1448651558	924674	667673	1656772	698180	588321	499095	342859	4306103	0.499925686442834	0.391424956061352	0.002243771474122
TspeTan_0875	TspeDRC_1025	1447991615	662457	203415	716792	835653	395813	205181	447206	4916734	0.330157339927894	0.251203441379344	0.00133039682655441
TspeTan_0876	TspeTan_0877	1448067473	514593	122939	513714	843801	381420	121491	355486	4938841	0.256949550993143	0.193298811307786	0.001063932835212
TspeTan_0876	TspeTan_0878	1447687900	531258	122167	514662	888575	369797	122079	381808	5258941	0.249315607590939	0.186745638000882	0.00109026778781444
TspeTan_0876	TspeTan_0879	1447942948	546847	164992	636195	857235	417950	153708	352951	5015937	0.290835623649323	0.218624921908564	0.00118419223045676
TspeTan_0876	TspeTan_0881	1447851238	615157	212784	521688	770137	354450	222961	417114	5194082	0.352366567550301	0.261751069505066	0.00121897214192133
TspeTan_0876	TspeTan_0883	1448078154	545396	165010	628212	825555	420084	157896	349544	4913684	0.29824033228265	0.224946472223291	0.00117252991257813
TspeTan_0876	TspeTan_0884	1448033790	565537	184259	608835	813339	402051	181587	362738	4975103	0.317710964263737	0.237664454168973	0.00119638995366668
TspeTan_0876	TspeTan_0885	1447955630	548498	171827	627111	855837	436182	165571	351068	4988304	0.298785093348814	0.223822653359923	0.00119960577323744
TspeTan_0876	TspeTan_0886	1448264237	553927	183667	575074	781005	387262	180669	354754	4799763	0.323013361556335	0.241242363583279	0.00116088853936728
TspeTan_0876	TspeGha_0888	1449126913	1119308	970033	450824	210213	179585	1129864	469151	4601159	0.734565920562187	0.611495279214575	0.0022728760337555
TspeTan_0876	TspeCam_1011	1448598153	850353	730856	1641728	672304	603390	529799	283905	4429269	0.520869092046897	0.407167908901327	0.00225358664483012
TspeTan_0876	TspeCon_1012	1448765824	1040923	806970	1315316	384350	482376	721801	399753	4554718	0.600108578608218	0.481435626346738	0.002290157047242
TspeTan_0876	TspeCam_1013	1448875752	1011360	775973	1405426	394855	523978	655979	378482	4413954	0.583566142014182	0.467688342891144	0.00225515760958519
TspeTan_0876	TspeCam_1014	1448608357	851454	732146	1659678	667298	611563	528341	281771	4418032	0.520779581007668	0.407497008924249	0.00226032809048946
TspeTan_0876	TspeCam_1015	1448800404	825102	701761	1689642	649354	625418	486278	267860	4243985	0.512265106737376	0.401797569877693	0.00220582149801549
TspeTan_0876	TspeCam_1016	1448753881	829353	707144	1728920	651521	627813	503057	272748	4281058	0.51390259965269	0.403336042323396	0.00223908265933472
TspeTan_0876	TspeCam_1017	1450037855	660475	560158	1390106	524556	504482	376717	207548	3312580	0.507616831143251	0.398408286028722	0.00177037848886538
TspeTan_0876	TspeCam_1018	1448648295	1006692	739477	1687230	456880	618377	542483	365977	4497492	0.543017972428835	0.434873217901678	0.00229646454953064
TspeTan_0876	TspeCam_1019	1448602530	861605	743745	1597681	651974	586323	564284	293687	4452507	0.531505625269398	0.415866891073706	0.00226533697500523
TspeTan_0876	TspeCam_1020	1448691120	994981	730054	1709270	461267	623975	525849	359481	4451178	0.538568455946601	0.431348021425835	0.0022833611809642
TspeTan_0876	TspeCam_1021	1448487892	867874	743223	1674195	676749	610855	547444	291692	4519833	0.522767967550584	0.408957177883156	0.00229793204865367
TspeTan_0876	TspeDRC_1022	1448919681	948457	681826	1754402	455945	649848	455664	333676	4227871	0.522305095324499	0.419389961295383	0.00220007801965483
TspeTan_0876	TspeDRC_1023	1448737977	985794	718256	1702312	457853	630966	514737	354203	4406022	0.536263786457735	0.42966971351566	0.00226159659639056
TspeTan_0876	TspeDRC_1024	1448497091	858655	727601	1706150	682130	628106	519766	286631	4493063	0.5148731412517	0.40299906631597	0.00228209328143807
TspeTan_0876	TspeDRC_1025	1447866039	625589	254697	763257	803075	430126	242614	378055	5109726	0.365299997363189	0.275049491343078	0.00137136888627276
TspeTan_0877	TspeTan_0878	1447870607	475798	92607	461297	915650	337053	92019	376913	5086798	0.209263195755532	0.156201512210245	0.00100843077852451
TspeTan_0877	TspeTan_0879	1448179749	532766	156646	619696	827695	402534	147803	364794	4812249	0.289874447185159	0.219035099273663	0.00115256927563639
TspeTan_0877	TspeTan_0881	1448091034	597121	204799	507390	743155	342239	216765	429971	4980622	0.352579244301576	0.262842381678854	0.00118912604024818
TspeTan_0877	TspeTan_0883	1448308782	529076	165913	609772	804600	402825	161061	359384	4711430	0.303438549075462	0.228336275223285	0.00115366863783528
TspeTan_0877	TspeTan_0884	1448277000	558818	181696	601750	775346	391974	181603	378566	4764135	0.323866926571459	0.243847957799862	0.00117884291240874
TspeTan_0877	TspeTan_0885	1448189252	536702	174210	615964	823380	420889	168289	366725	4786775	0.306582444533497	0.23012311990468	0.00118422505032968
TspeTan_0877	TspeTan_0886	1448490231	541644	179750	563574	750537	376149	178754	369022	4601082	0.326596410095359	0.245020606445611	0.00113936070427183
TspeTan_0877	TspeGha_0888	1449335066	1087112	935599	437874	203344	171404	1102455	474036	4403171	0.73362658952619	0.610574673876383	0.00221166468819288
TspeTan_0877	TspeCam_1011	1448841545	830731	704462	1599629	636325	583193	516348	300845	4225113	0.521610151395193	0.408679786051834	0.00219180345140199
TspeTan_0877	TspeCon_1012	1448991971	1008222	777817	1277570	371290	463349	702010	409106	4351305	0.599248761003747	0.480861975026504	0.0022248360314279
TspeTan_0877	TspeCam_1013	1449097072	980318	750043	1366399	381102	502288	639706	388997	4217562	0.583220834801102	0.467581899488765	0.00219382121217938
TspeTan_0877	TspeCam_1014	1448837911	830152	705991	1617997	638613	589831	513962	297820	4222846	0.52054915468553	0.407944941371735	0.00219931303474666
TspeTan_0877	TspeCam_1015	1449020786	801050	677392	1642150	628143	600340	474826	280852	4056900	0.511938710706293	0.401776083322086	0.00214546919255554
TspeTan_0877	TspeCam_1016	1448981505	805856	682631	1680431	627308	603847	491030	287059	4087302	0.513860404065625	0.40367399346203	0.00217789686350447
TspeTan_0877	TspeCam_1017	1450205891	643225	540139	1351644	507687	485824	368148	217940	3169679	0.507056157930733	0.398240301767176	0.00172313133881245
TspeTan_0877	TspeCam_1018	1448880986	973667	714519	1636119	444078	590671	530112	374262	4297024	0.542836043742074	0.434731509578928	0.00223116912014125
TspeTan_0877	TspeCam_1019	1448838779	836463	718955	1553873	629105	562087	551094	305741	4251309	0.531547521714568	0.416185699621392	0.00220379853705017
TspeTan_0877	TspeCam_1020	1448921156	961889	703653	1655850	449043	596180	512543	367163	4253479	0.537933594604084	0.430817900772751	0.00221558699270363
TspeTan_0877	TspeCam_1021	1448729976	841387	717976	1625522	651693	586237	534331	305052	4314063	0.522953368419141	0.409424984261963	0.00223358607222359
TspeTan_0877	TspeDRC_1022	1449135111	919733	659417	1703004	443667	622780	446482	342753	4042710	0.522123216312031	0.419262117358359	0.00214073509052368
TspeTan_0877	TspeDRC_1023	1448965499	957568	692635	1654643	438775	606823	501652	366306	4209618	0.536035507101623	0.429852280449072	0.00219854549422199
TspeTan_0877	TspeDRC_1024	1448733978	831922	702909	1657303	659636	601771	506607	299518	4292118	0.514643840081585	0.403031041641554	0.00221807761159503
TspeTan_0877	TspeDRC_1025	1448117075	604412	245932	740544	779899	412355	235517	388779	4888913	0.364704605713666	0.274941466286401	0.00133509034267856
TspeTan_0878	TspeTan_0879	1447840280	546938	174621	654084	853600	434264	162582	357161	5101716	0.299399442817918	0.225184533626535	0.0012088427865909
TspeTan_0878	TspeTan_0881	1447713721	610382	216134	533048	774117	370994	225352	422783	5305406	0.353523657113011	0.262997981694636	0.00123415920492361
TspeTan_0878	TspeTan_0883	1447972782	531559	176044	634845	839505	428873	166047	348408	4997453	0.303469601761795	0.227227887668341	0.00119064029862722
TspeTan_0878	TspeTan_0884	1447923495	561655	187646	624565	807346	421490	181889	372390	5062300	0.320426165654714	0.240879815241207	0.0012109101037768
TspeTan_0878	TspeTan_0885	1447831680	537189	175501	637338	860961	453357	165321	357597	5083426	0.299449616590979	0.224538036384812	0.00121148281628029
TspeTan_0878	TspeTan_0886	1448173282	550650	189469	590865	772933	405374	184377	362888	4872544	0.328427980160926	0.246288306185131	0.00117793983527732
TspeTan_0878	TspeGha_0888	1449025355	1116512	1002840	458186	214333	185298	1154441	472105	4689930	0.737635598857525	0.614692771670995	0.00231807855482922
TspeTan_0878	TspeCam_1011	1448490898	848960	755614	1673432	671550	622951	542362	291635	4509987	0.524688168707093	0.410576841029496	0.00229856213379347
TspeTan_0878	TspeCon_1012	1448642200	1036124	835785	1336064	392490	495322	738420	404451	4652558	0.603011519927776	0.483717324952558	0.0023355176283949
TspeTan_0878	TspeCam_1013	1448772778	1009191	799688	1430454	393265	539374	668288	385276	4496328	0.586582250593311	0.470443478589246	0.00229466458334785
TspeTan_0878	TspeCam_1014	1448491330	851536	754223	1693372	663856	634602	538302	291231	4506002	0.523937988607636	0.41055891747658	0.00230373502774522
TspeTan_0878	TspeCam_1015	1448702963	819471	723527	1717860	651209	642251	496137	273437	4317161	0.51550940599678	0.404516219838169	0.0022434884801557
TspeTan_0878	TspeCam_1016	1448655848	826434	728940	1759672	650254	647788	514504	279537	4353594	0.51744117887787	0.406470112574221	0.00228006631721137
TspeTan_0878	TspeCam_1017	1449981976	652973	572595	1406209	525383	515106	382682	209144	3355412	0.510260339899325	0.400544828770111	0.00179039643949868
TspeTan_0878	TspeCam_1018	1448520533	1006385	763178	1718104	458421	638147	553782	373713	4596207	0.545721458532554	0.437177196028591	0.0023407914148282
TspeTan_0878	TspeCam_1019	1448487329	856692	768482	1625802	658034	602161	576591	298094	4541403	0.534604410971106	0.418375710998091	0.00230761851101286
TspeTan_0878	TspeCam_1020	1448572089	992006	751749	1736795	465436	642123	536207	364667	4542706	0.540946829633064	0.433232835056452	0.00232309113078411
TspeTan_0878	TspeCam_1021	1448360360	866399	771537	1707117	681279	629777	562542	298513	4617092	0.526668469745806	0.412214439640849	0.00234873784408951
TspeTan_0878	TspeDRC_1022	1448825783	946075	702831	1783798	453903	667077	464631	339501	4300757	0.525511199165256	0.422120630246852	0.00223700651061354
TspeTan_0878	TspeDRC_1023	1448629800	985470	741944	1734203	454570	650835	526318	362400	4489416	0.539753458332305	0.432762802723981	0.00230499021402367
TspeTan_0878	TspeDRC_1024	1448370816	855366	752805	1738539	688144	646657	531588	292025	4589379	0.517994677186413	0.405538670276395	0.00232762373967701
TspeTan_0878	TspeDRC_1025	1447746209	626948	267939	784904	797936	449748	253546	387106	5206022	0.373277464952666	0.281681397551152	0.00140389798794697
TspeTan_0879	TspeTan_0881	1447834890	660073	170741	476532	831443	325716	192352	453985	5140987	0.313133953283524	0.232963937094844	0.00119290113516927
TspeTan_0879	TspeTan_0883	1448014422	576966	125345	574969	913508	378729	125040	377161	4903201	0.250506682062537	0.189413220875093	0.00114084042597397
TspeTan_0879	TspeTan_0884	1447958161	599569	132412	558464	889122	371307	136866	400751	4967680	0.263730371763712	0.199536818034006	0.00115306866361258
TspeTan_0879	TspeTan_0885	1447920386	590838	131347	582637	919528	405267	133214	388791	4953049	0.257145767659402	0.194787319037626	0.00117311957770793
TspeTan_0879	TspeTan_0886	1448143915	577950	118813	514546	873787	353017	124616	385162	4831140	0.252503875094527	0.190777632777693	0.00109597833071037
TspeTan_0879	TspeGha_0888	1449143251	1218797	908543	443167	217269	174020	1101349	505681	4546800	0.718668287651181	0.594906437671297	0.00225567562240185
TspeTan_0879	TspeCam_1011	1448604765	941296	678143	1617614	697407	583290	510041	312287	4389272	0.504788972419714	0.394602975212472	0.00223826005743547
TspeTan_0879	TspeCon_1012	1448764536	1130607	748718	1289825	412555	464493	697092	429895	4515542	0.583025318294797	0.466488568776618	0.00226918310237275
TspeTan_0879	TspeCam_1013	1448863901	1101076	721664	1381962	425229	506417	634369	407539	4383935	0.566649919116423	0.453168273900196	0.00224018516805307
TspeTan_0879	TspeCam_1014	1448607471	938312	676543	1630825	700017	590122	506017	309053	4380358	0.50323879470093	0.39345331215056	0.00224003138617897
TspeTan_0879	TspeCam_1015	1448775537	908486	653004	1660161	692188	602028	469634	290761	4226507	0.4951411440508	0.387721585218222	0.00219399135736714
TspeTan_0879	TspeCam_1016	1448727055	917976	659612	1703843	687780	607711	487016	299831	4264644	0.497734572356596	0.390363877837891	0.00223210223531044
TspeTan_0879	TspeCam_1017	1449995672	733396	520888	1376019	554985	492126	362382	227749	3316489	0.490144116351814	0.384617307296506	0.00176690680406606
TspeTan_0879	TspeCam_1018	1448651205	1093440	685795	1655646	491829	596261	523719	391902	4455824	0.526591282790417	0.421307696305711	0.00227901887478911
TspeTan_0879	TspeCam_1019	1448589558	949780	690827	1569903	688882	562922	544243	319165	4426494	0.514333635329393	0.401704407402414	0.00224940138072188
TspeTan_0879	TspeCam_1020	1448678065	1081950	675319	1678752	498611	601251	505176	384804	4424290	0.521271377260108	0.417115274258368	0.00226473438033956
TspeTan_0879	TspeCam_1021	1448491160	953816	691958	1643861	710713	586970	528018	319665	4478513	0.50656097934924	0.395800417822677	0.00228159478594759
TspeTan_0879	TspeDRC_1022	1448900412	1034345	633550	1728045	493838	627297	438509	358314	4207160	0.50561552481484	0.405875310365385	0.00218933865530655
TspeTan_0879	TspeDRC_1023	1448733641	1072591	667063	1674249	493452	608054	495986	379717	4372157	0.519743767864923	0.416135916548076	0.00224688888782082
TspeTan_0879	TspeDRC_1024	1448499740	945023	676268	1675665	717976	602752	500831	312663	4453890	0.498401272626233	0.389689799646903	0.00226561500221003
TspeTan_0879	TspeDRC_1025	1447817447	675589	198853	718735	865203	401580	198966	416362	5086429	0.321359311787668	0.243674768824915	0.00132970420606759
TspeTan_0881	TspeTan_0883	1447968678	465521	195083	644883	817809	444395	174644	314834	5041305	0.318090190072882	0.235621583235994	0.00117676440790967
TspeTan_0881	TspeTan_0884	1447876016	479164	181843	617621	809053	431945	167129	331830	5138177	0.311337368107899	0.231722589668117	0.0011564152438332
TspeTan_0881	TspeTan_0885	1447818894	476856	179616	651889	826582	478007	162289	329137	5134401	0.305714769051044	0.229248647715354	0.00118342874346218
TspeTan_0881	TspeTan_0886	1448127461	469692	181878	583987	773580	415389	166893	324005	4946586	0.317803623864383	0.236192745892193	0.0011209541912958
TspeTan_0881	TspeGha_0888	1449038113	1033061	1046801	466553	200590	190923	1173136	442086	4715309	0.750600870769857	0.629003656809022	0.0023222438717776
TspeTan_0881	TspeCam_1011	1448513766	773383	794436	1691967	637118	638859	555252	271291	4525987	0.538166452472991	0.421923329254243	0.00230114664148318
TspeTan_0881	TspeCon_1012	1448659043	959949	874155	1357024	356199	513730	749899	387455	4670594	0.615920247789228	0.495928531494207	0.00233881858129341
TspeTan_0881	TspeCam_1013	1448783932	927254	840178	1442413	373464	550712	682645	360243	4518670	0.599232725527927	0.481344305388924	0.00229682074704168
TspeTan_0881	TspeCam_1014	1448504086	768362	794469	1706129	645060	644310	551786	264996	4528569	0.536412062208972	0.420301443641236	0.00230435107110891
TspeTan_0881	TspeCam_1015	1448715424	740822	762393	1732402	628826	653884	508160	249859	4339028	0.528059620287406	0.414415582298811	0.00224465498807905
TspeTan_0881	TspeCam_1016	1448667174	746484	768677	1775440	627391	659919	525874	257506	4375031	0.529823474375343	0.416293451210414	0.00228189318602676
TspeTan_0881	TspeCam_1017	1449994604	589959	604041	1419119	503484	526726	391208	191363	3370844	0.523203928228569	0.410912862743242	0.00179101948127096
TspeTan_0881	TspeCam_1018	1448540002	924933	807184	1733201	434498	650042	572018	348607	4613872	0.559514634614585	0.448460766627005	0.00234799486486293
TspeTan_0881	TspeCam_1019	1448502958	779730	808027	1644836	626957	618596	589327	278099	4560411	0.547656808532873	0.429412480709891	0.00231174049007699
TspeTan_0881	TspeCam_1020	1448589109	915405	791564	1758009	431579	658410	548307	345870	4562053	0.55409810308761	0.444456841906423	0.002327236245623
TspeTan_0881	TspeCam_1021	1448373659	784966	810720	1724360	652982	644325	573883	277418	4638637	0.539193991995339	0.422522982803447	0.00234945029621402
TspeTan_0881	TspeDRC_1022	1448841749	871484	741662	1802218	423903	683488	477765	320101	4317780	0.538729481292288	0.433011422288238	0.00224207645198325
TspeTan_0881	TspeDRC_1023	1448646295	906765	782371	1751164	427036	664820	539856	340253	4508617	0.552841897107211	0.443600291806357	0.0023085985020764
TspeTan_0881	TspeDRC_1024	1448383874	776165	790262	1754496	660433	661809	543680	269709	4611196	0.530417709300371	0.415620799012222	0.00232798122620487
TspeTan_0881	TspeDRC_1025	1447730941	550640	277667	790725	782226	463313	250220	351803	5258738	0.378987658221431	0.284420961900932	0.0013713013820086
TspeTan_0883	TspeTan_0884	1448072122	587942	142447	547305	881463	361620	149563	390268	4881548	0.274186918998824	0.204937711722638	0.00115129983636053
TspeTan_0883	TspeTan_0885	1448015646	567825	126152	563235	916914	394118	126755	381708	4878635	0.251021489778295	0.189455046147282	0.00114343418496743
TspeTan_0883	TspeTan_0886	1448274675	572599	136296	513992	848719	350276	141951	383864	4729487	0.272942741721493	0.204312383531957	0.00110784706927594
TspeTan_0883	TspeGha_0888	1449249222	1194440	894063	434665	207710	169813	1086489	501583	4458693	0.720122764156638	0.596634083822202	0.00221825872243552
TspeTan_0883	TspeCam_1011	1448729768	923678	670507	1596327	674308	572627	504884	312288	4298030	0.507150999765164	0.396906987928145	0.00220465183048285
TspeTan_0883	TspeCon_1012	1448886728	1104401	743971	1270344	400662	454387	691306	428343	4416901	0.585542339191731	0.468752000131935	0.00223831055861514
TspeTan_0883	TspeCam_1013	1448965502	1079547	713094	1364435	413797	498153	627574	406862	4302707	0.567917779436479	0.454410750976494	0.00220935791888404
TspeTan_0883	TspeCam_1014	1448721334	919489	667074	1609364	682190	579717	499486	309188	4294592	0.504421218616063	0.394647838757674	0.00220570029851981
TspeTan_0883	TspeCam_1015	1448873503	891015	647469	1643155	676634	592213	465181	292580	4152091	0.496671543084259	0.389144306456024	0.00216731254695933
TspeTan_0883	TspeCam_1016	1448825309	896906	654548	1680457	678117	596540	484172	299029	4188026	0.499191178518	0.39138287513122	0.00220409905950526
TspeTan_0883	TspeCam_1017	1450058671	716064	519938	1360228	550432	484249	362308	225740	3267929	0.491996498866444	0.385765540741211	0.00174992986274126
TspeTan_0883	TspeCam_1018	1448773898	1069121	677070	1629397	478230	583638	518377	388808	4362447	0.528301555983141	0.422795781169711	0.00224208887972435
TspeTan_0883	TspeCam_1019	1448706265	929793	682781	1550067	669328	553985	538196	320833	4336610	0.516098254036008	0.403451005783368	0.00221696970338486
TspeTan_0883	TspeCam_1020	1448796474	1058884	666920	1654682	481586	591112	498830	384943	4332906	0.522989118224149	0.418795766951092	0.0022292962254363
TspeTan_0883	TspeCam_1021	1448620708	934250	682486	1621330	687218	577425	520897	321030	4380640	0.508403890296185	0.39771751216235	0.00224501561078115
TspeTan_0883	TspeDRC_1022	1448992621	1012669	629335	1706024	486951	616105	436210	357151	4134193	0.507040845812223	0.406883410287774	0.00216336888191514
TspeTan_0883	TspeDRC_1023	1448840323	1050102	657172	1649908	480399	598804	489803	379518	4287977	0.520702583417136	0.417089199187943	0.00221219505766242
TspeTan_0883	TspeDRC_1024	1448620703	921994	667712	1648707	702191	590631	494726	311814	4361682	0.499757110523404	0.390816335770366	0.00222866458898847
TspeTan_0883	TspeDRC_1025	1447947329	657573	209335	702028	856715	392405	210957	408800	4981772	0.33054595455541	0.248701427331853	0.00132456490287996
TspeTan_0884	TspeTan_0885	1447928831	533968	130267	567380	924415	405744	127640	360163	4967868	0.250974456716949	0.18762831697642	0.00113585372431695
TspeTan_0884	TspeTan_0886	1448183507	534582	125401	514608	856987	359930	125079	364052	4822545	0.257529336955893	0.192969337705974	0.00107533059384221
TspeTan_0884	TspeGha_0888	1449195237	1161808	930005	443878	205584	176368	1105752	487541	4522291	0.727010975872348	0.603812748987498	0.00224474187742916
TspeTan_0884	TspeCam_1011	1448667151	893067	696496	1616696	667586	589947	514887	301073	4361264	0.51359764766357	0.401997795856068	0.00222557040647774
TspeTan_0884	TspeCon_1012	1448821343	1074915	770682	1286726	395825	466988	702623	413887	4488978	0.591577219025624	0.473859496530081	0.0022575602771348
TspeTan_0884	TspeCam_1013	1448911131	1045375	742721	1377294	411979	509587	640256	391898	4362426	0.57468917287634	0.459787345847227	0.00222919627447633
TspeTan_0884	TspeCam_1014	1448665781	889317	695394	1630145	673718	595473	509934	297604	4354445	0.51156546706618	0.400308855160284	0.00222754590307573
TspeTan_0884	TspeCam_1015	1448825850	859478	672506	1660502	665233	611029	473309	283983	4200926	0.503498013268245	0.394639408296403	0.00218475662453307
TspeTan_0884	TspeCam_1016	1448775203	867951	679273	1701501	665696	614916	491694	289581	4241625	0.505743790723423	0.396762432151574	0.00222226463763172
TspeTan_0884	TspeCam_1017	1450032742	690778	539931	1373824	539246	497119	368886	216449	3301465	0.499302246326715	0.391631270684792	0.00176152214998371
TspeTan_0884	TspeCam_1018	1448708380	1041040	703608	1653297	466740	602715	527572	379771	4429415	0.534730372525787	0.428152130560785	0.00226460960323949
TspeTan_0884	TspeCam_1019	1448647524	900266	713159	1569924	662980	569872	552151	308313	4398332	0.523657101512413	0.409433167856339	0.00224297948697728
TspeTan_0884	TspeCam_1020	1448732890	1030119	693998	1676681	474012	607368	508916	372951	4399800	0.529448054520618	0.423924420221431	0.00225127655153784
TspeTan_0884	TspeCam_1021	1448550233	902531	711549	1641752	685145	592362	532968	307260	4452021	0.515046449496058	0.402731308024384	0.00226899126572944
TspeTan_0884	TspeDRC_1022	1448949769	983939	655185	1725156	473558	632861	444960	346965	4183868	0.514253726116203	0.412709071874918	0.00218142667056659
TspeTan_0884	TspeDRC_1023	1448786303	1021386	685131	1672166	469461	615490	499903	369399	4346368	0.527729952730682	0.422786622603384	0.0022345298952257
TspeTan_0884	TspeDRC_1024	1448555938	892927	694324	1671771	693205	609325	504453	301172	4427381	0.506382469325859	0.396131336827535	0.00225115773540355
TspeTan_0884	TspeDRC_1025	1447871136	630241	213174	717653	847887	407378	207197	393805	5066815	0.332092140460994	0.249931891371493	0.00131757203647078
TspeTan_0885	TspeTan_0886	1448208531	581101	142720	527912	854674	353320	145790	401158	4769338	0.277159653656269	0.207798426279306	0.00113160026786658
TspeTan_0885	TspeGha_0888	1449158407	1213713	918796	446110	209716	175787	1107889	527133	4515978	0.720067732908088	0.596711185095893	0.00227180596377677
TspeTan_0885	TspeCam_1011	1448640404	937056	687151	1620742	683294	583913	514765	334243	4345167	0.508102699748695	0.397824552031362	0.0022501781786483
TspeTan_0885	TspeCon_1012	1448788681	1122116	759625	1290304	410085	463638	704413	448161	4476456	0.585294444327703	0.468498609749032	0.00228404073736837
TspeTan_0885	TspeCam_1013	1448896464	1094479	730324	1384023	416702	506611	639902	427055	4340189	0.569151682116764	0.455601255808061	0.00225218080553235
TspeTan_0885	TspeCam_1014	1448633357	933109	685585	1635481	690032	590327	509603	331006	4342299	0.505860815840176	0.395986674214993	0.00225265793542449
TspeTan_0885	TspeCam_1015	1448815801	899800	661979	1660985	682933	600414	474040	309681	4178192	0.498199174967902	0.3904348317048	0.00220322371058323
TspeTan_0885	TspeCam_1016	1448771011	908656	666573	1703844	677144	607806	490525	319872	4211188	0.500425883640934	0.392868935934792	0.00223934184372499
TspeTan_0885	TspeCam_1017	1450046357	720590	526504	1367231	548709	488666	367236	238470	3264819	0.493656363069499	0.387361693951669	0.00176703383415821
TspeTan_0885	TspeCam_1018	1448674830	1085209	696016	1656449	487754	594025	529606	411369	4419043	0.529113103651134	0.423420044484913	0.00229201271266211
TspeTan_0885	TspeCam_1019	1448627288	945265	700550	1574049	673751	566610	550261	342882	4376490	0.517849935119364	0.405195881670505	0.00226425297058201
TspeTan_0885	TspeCam_1020	1448710607	1072086	686244	1679133	493250	598521	510703	404032	4380611	0.524134722780211	0.419507838245711	0.00227657037663226
TspeTan_0885	TspeCam_1021	1448514916	948587	699641	1645340	703112	587482	533406	339905	4441606	0.5090029873114	0.398068422265519	0.00229376570128155
TspeTan_0885	TspeDRC_1022	1448936154	1023366	643161	1725953	489622	624346	444143	375483	4161416	0.508486583305501	0.408145411923805	0.00219873629530927
TspeTan_0885	TspeDRC_1023	1448761168	1064464	675076	1674392	488103	606486	500701	398385	4332879	0.522035779775264	0.418111930101429	0.00225689973746166
TspeTan_0885	TspeDRC_1024	1448521494	936608	685191	1674676	715872	601065	506708	330554	4418036	0.500730916569026	0.391555735431374	0.00227736478954023
TspeTan_0885	TspeDRC_1025	1447853881	670862	214970	722666	857354	402384	213142	435539	5037863	0.333142375717221	0.25196623444151	0.0013543688339821
TspeTan_0886	TspeGha_0888	1449390220	1099860	904774	431173	199229	170781	1075094	470233	4356558	0.72932131545478	0.60615644988996	0.00217098313648101
TspeTan_0886	TspeCam_1011	1448872463	844868	681090	1574365	642726	571437	503325	292000	4208395	0.516157400978823	0.404006397366426	0.00215823147610609
TspeTan_0886	TspeCon_1012	1449040891	1022269	750884	1251629	371790	453625	685078	402968	4317747	0.594817863561024	0.476997385507356	0.00218549634270253
TspeTan_0886	TspeCam_1013	1449106199	997582	725320	1345530	387397	495884	624894	383388	4214153	0.577702524063255	0.462744350884762	0.00216357883893226
TspeTan_0886	TspeCam_1014	1448881704	838843	681750	1583785	649835	574164	499626	287361	4193957	0.514688235499639	0.402607126296389	0.00215909297617574
TspeTan_0886	TspeCam_1015	1449004410	816912	659705	1620714	643397	591589	465072	273595	4074030	0.506156548001125	0.396618881069236	0.00212452883703913
TspeTan_0886	TspeCam_1016	1448954975	824129	668163	1659256	643418	594339	483698	279981	4114308	0.508891865435761	0.399113083474223	0.00216182578701495
TspeTan_0886	TspeCam_1017	1450124738	659860	536210	1354742	525697	488099	365664	213335	3235152	0.502204051506685	0.393856608505585	0.00173086411469516
TspeTan_0886	TspeCam_1018	1448929673	984366	687620	1604164	449186	580255	514303	366552	4261355	0.537314453814424	0.430090277619781	0.0021902316491759
TspeTan_0886	TspeCam_1019	1448854021	851941	697237	1525267	637782	551035	540267	298586	4245597	0.526533797483203	0.411695868608737	0.00217377981953064
TspeTan_0886	TspeCam_1020	1448941190	976441	679981	1628725	455685	586045	498577	361155	4242946	0.532482965490144	0.426248633741236	0.0021822869876617
TspeTan_0886	TspeCam_1021	1448780240	851674	694314	1594791	657789	571064	519178	296513	4281415	0.517658608143331	0.404778962981991	0.00219400934702297
TspeTan_0886	TspeDRC_1022	1449124093	935195	642756	1680864	458298	612684	437312	335891	4056055	0.516827784092514	0.41456267555033	0.00211998198308742
TspeTan_0886	TspeDRC_1023	1448992858	969845	671733	1627271	448904	594470	489834	357853	4192936	0.530990726797973	0.425410262323697	0.00216734515782549
TspeTan_0886	TspeDRC_1024	1448780879	842438	676742	1620977	667539	587044	493242	289331	4262228	0.508991202606926	0.398031630178306	0.00217638462366341
TspeTan_0886	TspeDRC_1025	1448123990	600168	219001	704373	802833	401059	212992	383912	4875227	0.344186654477468	0.258964641982855	0.00128966224130049
TspeGha_0888	TspeCam_1011	1448638351	396512	858909	1842735	306416	818108	531268	159056	4665090	0.594993596619442	0.480393529769838	0.00216126385819219
TspeGha_0888	TspeCon_1012	1448641699	419552	946790	1357733	271914	593789	725268	180929	4898690	0.665389706356413	0.540947773656808	0.00211518489946249
TspeGha_0888	TspeCam_1013	1448756720	406892	901029	1449540	272232	644738	651467	170165	4743166	0.645557561726686	0.523168158453296	0.00207427153832236
TspeGha_0888	TspeCam_1014	1448637106	394184	854966	1858050	305527	827192	525335	157088	4660108	0.59302068460274	0.47889737581555	0.0021610747757658
TspeGha_0888	TspeCam_1015	1448829687	380431	816006	1882564	298450	833673	477088	147551	4477660	0.582182126292064	0.4704566787082	0.00210159652984953
TspeGha_0888	TspeCam_1016	1448783248	381060	827197	1923084	302467	836087	499097	149386	4515833	0.584226788319173	0.472109029982378	0.00214120053269778
TspeGha_0888	TspeCam_1017	1450081269	302704	654635	1537243	247691	667814	373888	112727	3477520	0.578243295145569	0.466921856824908	0.00168966566403365
TspeGha_0888	TspeCam_1018	1448518428	400540	857795	1739051	312279	762381	536609	162303	4831630	0.601122853775658	0.484543355862701	0.00211414619649101
TspeGha_0888	TspeCam_1019	1448627338	398776	871298	1792347	301420	792777	564011	161716	4703770	0.604446418454276	0.48816180203024	0.0021662308720999
TspeGha_0888	TspeCam_1020	1448572324	396592	851216	1767630	310745	767289	521294	160489	4776174	0.597307314121473	0.481564858839999	0.00210810810377081
TspeGha_0888	TspeCam_1021	1448502361	402552	866500	1874895	313435	827914	542296	163073	4780238	0.594204991118263	0.479654648562199	0.00219419129390279
TspeGha_0888	TspeDRC_1022	1448844475	374784	819800	1821138	306192	781811	465482	143311	4511232	0.585022508253026	0.471842441768923	0.00205676246733928
TspeGha_0888	TspeDRC_1023	1448650229	395496	858742	1771157	305692	764730	523480	154936	4711434	0.599585259157529	0.483658352381768	0.0021110703799586
TspeGha_0888	TspeDRC_1024	1448540540	400252	870291	1918616	316025	837561	528679	157052	4735843	0.590762178320907	0.476908311782735	0.00220373879999532
TspeGha_0888	TspeDRC_1025	1448930284	452951	1121976	1293561	224230	514493	937460	181927	4736087	0.715946800934586	0.592181381478462	0.00232654508909663
TspeCam_1011	TspeCon_1012	1448048997	1595002	356939	1078515	765595	389904	453300	659996	4722529	0.426618042859006	0.338949724530253	0.00209505947734936
TspeCam_1011	TspeCam_1013	1448017058	1463637	270356	1089208	857732	433494	326059	634071	4644666	0.372726697763041	0.299002980292992	0.00194512960743137
TspeCam_1011	TspeCam_1014	1447669193	1225025	218509	1241264	1266641	497675	216983	486512	4667000	0.286131013022134	0.225795708542993	0.00191703050902754
TspeCam_1011	TspeCam_1015	1447938155	1217241	231852	1314912	1211497	508894	215587	457353	4471122	0.295672707646605	0.234566838383227	0.00192264797711856
TspeCam_1011	TspeCam_1016	1447850352	1217919	219617	1348051	1217689	518810	213290	473433	4526737	0.291753194713571	0.232890410584582	0.00193529451943147
TspeCam_1011	TspeCam_1017	1449355234	967335	172309	1086803	971760	415383	158282	354143	3490501	0.286873762978673	0.229735551938937	0.00152940714190237
TspeCam_1011	TspeCam_1018	1447712318	1408041	227778	1285526	1040209	502998	229820	580389	4751107	0.31879446722254	0.259698275113002	0.00196618262972498
TspeCam_1011	TspeCam_1019	1447697878	1282321	246642	1227874	1202421	475446	262809	510551	4700725	0.311934876136457	0.244628586233451	0.00196126812858493
TspeCam_1011	TspeCam_1020	1447779337	1408846	235698	1328404	1024337	511978	228092	575631	4695738	0.322167128054357	0.262996614960652	0.00198134974299258
TspeCam_1011	TspeCam_1021	1447554880	1273910	238306	1274665	1260219	498186	243867	506087	4767649	0.299191985524778	0.235377936914411	0.00198179972928143
TspeCam_1011	TspeDRC_1022	1448293198	1478697	301830	1519191	876928	531132	272525	522046	4363717	0.363150155084072	0.296673475273924	0.00208369008448723
TspeCam_1011	TspeDRC_1023	1448103025	1551479	325641	1478254	861355	518016	320986	563395	4541230	0.379286735369237	0.307857485309993	0.00214836122254653
TspeCam_1011	TspeDRC_1024	1447825879	1412973	325115	1459414	1119278	508094	318999	492011	4641759	0.351268583206555	0.277126356752552	0.00215348152763052
TspeCam_1011	TspeDRC_1025	1448362188	1659092	518793	1007551	720213	314382	698909	609695	4580543	0.502826892084796	0.393322703825929	0.00231281091877124
TspeCon_1012	TspeCam_1013	1448182115	1107853	487508	1233848	668248	509674	456575	435595	4791389	0.472512731207351	0.370867259091314	0.00200407881262316
TspeCon_1012	TspeCam_1014	1448039033	1078602	446846	1612509	763142	671985	348028	391526	4721335	0.423561672903795	0.337315284798249	0.00209437798205833
TspeCon_1012	TspeCam_1015	1448256733	1032076	426182	1633269	758094	677239	313906	364022	4530933	0.414308613557849	0.331026995399877	0.00203871974223537
TspeCon_1012	TspeCam_1016	1448196502	1041808	432272	1678879	758133	684164	331598	372865	4575357	0.417948457038673	0.33405500681577	0.0020793180154836
TspeCon_1012	TspeCam_1017	1449662083	827018	340125	1346605	594538	547094	245508	279637	3503669	0.414003200621269	0.331913256508852	0.00163521809305723
TspeCon_1012	TspeCam_1018	1447899168	1092757	446654	1492440	775291	602265	351907	406113	4904184	0.425168471676443	0.336335472179868	0.00204599025094727
TspeCon_1012	TspeCam_1019	1448009357	1078880	460790	1542435	764943	637204	381794	399521	4775996	0.433770164926615	0.343163360501664	0.00209462883504782
TspeCon_1012	TspeCam_1020	1447950503	1076320	440426	1514909	780912	607145	337872	397054	4851407	0.420494675823235	0.332995255922918	0.00203467517881061
TspeCon_1012	TspeCam_1021	1447874343	1090915	458105	1616419	796129	664781	368079	395917	4855851	0.425157243428501	0.337050473269027	0.00213169241970331
TspeCon_1012	TspeDRC_1022	1448329023	1063385	447404	1608443	730148	623565	320681	356158	4548127	0.424134261843241	0.338244477826643	0.00202941004106307
TspeCon_1012	TspeDRC_1023	1448128654	1121219	482642	1568031	719721	607602	376318	388192	4742852	0.442021923388187	0.350968373157792	0.00209949148399666
TspeCon_1012	TspeDRC_1024	1447988421	1134464	480869	1709220	742656	680736	373232	393519	4781689	0.434403807605528	0.346805819698251	0.0021836602060846
TspeCon_1012	TspeDRC_1025	1448511749	1323457	713060	1204288	432432	434441	775943	484743	4723656	0.580811604998439	0.46454289115517	0.00235066134674166
TspeCam_1013	TspeCam_1014	1448003386	1069436	324572	1461107	886931	632075	265589	422364	4642265	0.367938051643878	0.294249221432427	0.00193874084052069
TspeCam_1013	TspeCam_1015	1448205471	1051164	312815	1511156	854479	652472	243406	404002	4470597	0.364121752243595	0.293798806268252	0.00191592703822036
TspeCam_1013	TspeCam_1016	1448127211	1045485	315395	1540051	873671	653711	255139	410234	4522194	0.364805392445915	0.293658462653568	0.00194280461179013
TspeCam_1013	TspeCam_1017	1449542989	820355	241969	1233017	706681	527394	182770	309315	3500642	0.354744233329735	0.286594234341854	0.0015257519730422
TspeCam_1013	TspeCam_1018	1447884095	1083666	324244	1340000	893658	566639	270725	438984	4803645	0.369162123522137	0.292843418499489	0.00189107560652879
TspeCam_1013	TspeCam_1019	1447970302	1093538	324740	1410568	851477	619239	289587	448230	4697773	0.377824560112174	0.301947964076821	0.00193856241138822
TspeCam_1013	TspeCam_1020	1447903964	1067108	311437	1355782	907081	574783	255775	427727	4773466	0.361056880751845	0.287089755759528	0.00187533987524034
TspeCam_1013	TspeCam_1021	1447883338	1105145	330645	1487953	873955	638422	277261	445401	4745905	0.372854227591297	0.298951961916592	0.00197788975526809
TspeCam_1013	TspeDRC_1022	1448413562	1147392	403862	1565114	761261	585004	306554	394769	4432425	0.408186270804777	0.326769244354522	0.00201451712596448
TspeCam_1013	TspeDRC_1023	1448236400	1201959	428729	1517586	749693	568491	354077	426671	4605766	0.423539787317173	0.337540397689742	0.00206777859978805
TspeCam_1013	TspeDRC_1024	1448132681	1216761	430903	1655324	762719	639150	354392	434493	4617978	0.419107738973349	0.336072935350805	0.00215294397691296
TspeCam_1013	TspeDRC_1025	1448626401	1416694	646858	1171205	444621	410444	744041	528849	4576706	0.564042208925961	0.45097008130712	0.00231515469237799
TspeCam_1014	TspeCam_1015	1447946013	1238398	224108	1315080	1207205	510115	214325	464301	4459387	0.294091107125579	0.234268580923052	0.00192509814624571
TspeCam_1014	TspeCam_1016	1447825073	1199991	213330	1317984	1257139	505734	204718	474525	4524550	0.283132691367272	0.225204882159536	0.00191814085650916
TspeCam_1014	TspeCam_1017	1449370233	976861	171866	1083161	970529	414374	160622	358107	3473778	0.287742098939841	0.23047790846133	0.00153331186366543
TspeCam_1014	TspeCam_1018	1447704674	1421935	224381	1282508	1047097	497783	228729	585347	4752120	0.316973849002507	0.258445321098835	0.00196910010930351
TspeCam_1014	TspeCam_1019	1447667755	1273586	228870	1200984	1229559	471845	248955	515192	4702670	0.30099546363827	0.236379014782576	0.00193710576126197
TspeCam_1014	TspeCam_1020	1447773903	1414177	225171	1311173	1042172	506468	227009	572638	4691840	0.317357875435201	0.259103808504353	0.00197253664731212
TspeCam_1014	TspeCam_1021	1447543789	1280723	233894	1267102	1275542	487885	239133	508520	4771285	0.295236681324295	0.232250711454059	0.00197783852118367
TspeCam_1014	TspeDRC_1022	1448299961	1494062	301607	1519580	879812	526485	273060	528363	4352400	0.362800709433405	0.296499883788351	0.00209084458999865
TspeCam_1014	TspeDRC_1023	1448100814	1563815	319740	1472291	870373	512982	319535	566582	4536270	0.376770792079656	0.30594548906687	0.00214796493121133
TspeCam_1014	TspeDRC_1024	1447825650	1427478	326398	1458874	1124910	502736	321000	498254	4635471	0.351290598496581	0.277085803303502	0.00216273169048766
TspeCam_1014	TspeDRC_1025	1448357795	1672824	517367	1004405	730132	308379	700215	614385	4576330	0.50135098934182	0.391910087056388	0.00231929148912429
TspeCam_1015	TspeCam_1016	1448037699	1281450	208602	1311938	1209040	481688	216584	490559	4368035	0.290824888515006	0.232836544412758	0.00192955042821443
TspeCam_1015	TspeCam_1017	1449388111	985202	143717	1032664	1009055	393350	141903	370002	3426503	0.266412366534274	0.215005889506913	0.00149685682590559
TspeCam_1015	TspeCam_1018	1447965024	1458803	212117	1244123	1025027	461451	228159	591119	4544400	0.316319485845592	0.258663919705266	0.00194174302991041
TspeCam_1015	TspeCam_1019	1447890725	1320269	214202	1172006	1196951	444519	243473	534664	4520162	0.299711896591526	0.237187685570506	0.00191547765548926
TspeCam_1015	TspeCam_1020	1447994943	1451448	207610	1269591	1027468	470284	221235	580789	4513537	0.313326274569418	0.257004037225997	0.0019404290241249
TspeCam_1015	TspeCam_1021	1447816469	1331047	218112	1236487	1230658	458635	236305	522770	4558489	0.295616547574073	0.234461989083968	0.00195128841454469
TspeCam_1015	TspeDRC_1022	1448449932	1527075	275661	1472147	879364	498723	262505	541327	4217675	0.35523703657245	0.291648600529517	0.00205571210625005
TspeCam_1015	TspeDRC_1023	1448287839	1586876	291078	1416273	871954	480240	305124	574961	4372027	0.368225301614906	0.300069157619661	0.00209942573787818
TspeCam_1015	TspeDRC_1024	1448049696	1459161	289541	1404656	1100982	475739	301374	512679	4447925	0.342118704768412	0.271999175584805	0.0021038653342323
TspeCam_1015	TspeDRC_1025	1448547801	1701479	477315	966970	720339	290577	674237	626311	4401993	0.492996185882014	0.386011237451199	0.00226575294149948
TspeCam_1016	TspeCam_1017	1449383234	1031187	165698	1066848	981435	405122	154927	373647	3443583	0.282929831957955	0.227912338536661	0.00154408766509127
TspeCam_1016	TspeCam_1018	1447878837	1492551	216277	1241292	1035309	475820	223426	599531	4597524	0.31517522960853	0.2581904137222	0.00196325416175152
TspeCam_1016	TspeCam_1019	1447822092	1364954	229638	1181141	1203827	453657	251070	536216	4571229	0.304987191902445	0.240989868856188	0.00195566579642977
TspeCam_1016	TspeCam_1020	1447905961	1487593	212299	1274960	1029244	487923	211992	596633	4567260	0.312295306991841	0.257247861454822	0.00196358815912782
TspeCam_1016	TspeCam_1021	1447390645	1145215	108856	1014317	1484736	451485	116199	509936	4750219	0.196905705046159	0.159491098403614	0.00173503689853646
TspeCam_1016	TspeDRC_1022	1448390207	1567618	290009	1481398	883774	508893	268583	542884	4261263	0.358835302631436	0.294224226053531	0.00209222790931018
TspeCam_1016	TspeDRC_1023	1448232365	1637533	304164	1434384	860500	496486	307722	585403	4412267	0.372156402447463	0.303874213085275	0.00213886127917211
TspeCam_1016	TspeDRC_1024	1447983058	1498905	306332	1412622	1109594	483273	305580	516750	4494346	0.345527684582745	0.274433155525763	0.00214145915941101
TspeCam_1016	TspeDRC_1025	1448490382	1746722	497150	976146	720686	297547	682411	631923	4446483	0.495583330090187	0.388427792340565	0.00230791727701561
TspeCam_1017	TspeCam_1018	1449422907	1197343	162414	984695	815462	355865	177144	478039	3514748	0.313181037515261	0.257267108483207	0.00154776382054709
TspeCam_1017	TspeCam_1019	1449339548	1096133	162565	926552	958043	341291	193104	430057	3518082	0.296484858152676	0.235571016863673	0.00153175019687753
TspeCam_1017	TspeCam_1020	1449409855	1181753	154403	995081	830284	362540	163102	475084	3509258	0.304273093689115	0.25120157453414	0.00153723468125349
TspeCam_1017	TspeCam_1021	1449319936	1096299	171596	976484	980184	349449	189483	418771	3518681	0.295471948531313	0.234646002908471	0.00155912144191279
TspeCam_1017	TspeDRC_1022	1449720558	1277110	215891	1183955	707416	388629	211251	445361	3325057	0.353493296106831	0.291151469289379	0.00166615353273092
TspeCam_1017	TspeDRC_1023	1449652734	1311996	227486	1131337	694100	371710	245015	466079	3402398	0.367329346522977	0.300117985465072	0.00168789514995495
TspeCam_1017	TspeDRC_1024	1449503044	1206198	230731	1119635	869877	363727	245060	413683	3436690	0.344393901059056	0.274279780677414	0.00168956373335817
TspeCam_1017	TspeDRC_1025	1449861802	1398081	367675	768885	573307	224343	534970	507311	3420258	0.488968775271764	0.383523081419927	0.00181017150546604
TspeCam_1018	TspeCam_1019	1447679124	1295148	234880	1364845	1023522	562542	248271	520946	4800887	0.326679812080467	0.26471680640225	0.00196651792549
TspeCam_1018	TspeCam_1020	1447264263	1045504	109534	1081705	1336668	493576	107606	471898	5020616	0.209641383841277	0.172706313933102	0.00166913524554008
TspeCam_1018	TspeCam_1021	1447534987	1306925	233702	1434373	1066507	585640	235544	516534	4883353	0.318740915360613	0.259312633325433	0.00200592700262879
TspeCam_1018	TspeDRC_1022	1448193129	1371621	306305	1532517	894854	539769	273767	456530	4502739	0.363030576271926	0.294293241219244	0.00204223047316952
TspeCam_1018	TspeDRC_1023	1447975909	1439589	328511	1490504	884737	526684	318885	497511	4702180	0.377901014436307	0.304493524406287	0.00210326645516835
TspeCam_1018	TspeDRC_1024	1447842823	1459603	335186	1632982	909030	597388	324131	504363	4733417	0.375854251012146	0.304444821969211	0.00220182013204073
TspeCam_1018	TspeDRC_1025	1448392100	1699187	535678	1165219	514831	395393	711076	621804	4662893	0.52478893629777	0.419800179142239	0.00236167498175553
TspeCam_1019	TspeCam_1020	1447712194	1350103	241601	1316576	1030625	530252	225305	551003	4762947	0.322034697442912	0.261688080402151	0.00195935043261644
TspeCam_1019	TspeCam_1021	1447517480	1232480	255616	1290118	1243478	511537	242488	486570	4827956	0.304716062966328	0.23890366805662	0.00197597436851671
TspeCam_1019	TspeDRC_1022	1448278284	1445834	334475	1541679	853811	547787	285765	507004	4400135	0.375340233468234	0.305105635877314	0.00210417535072033
TspeCam_1019	TspeDRC_1023	1448083683	1513741	353147	1495622	836614	538054	330528	550063	4578607	0.389483003155044	0.315183898329272	0.00216057401358185
TspeCam_1019	TspeDRC_1024	1447813932	1379286	357475	1486298	1086495	527147	328767	481942	4677505	0.363435923960879	0.286084181362194	0.00217182746795031
TspeCam_1019	TspeDRC_1025	1448337089	1613096	556934	1015576	714676	323190	717407	588790	4623276	0.513031873850861	0.400807534772877	0.00233255279137547
TspeCam_1020	TspeCam_1021	1447629627	1354312	234920	1439712	1045299	574419	244167	522549	4815127	0.323479456292188	0.26362911939542	0.00202161540418611
TspeCam_1020	TspeDRC_1022	1448212434	1391452	294116	1514084	906143	531000	268851	463078	4474366	0.35803578889505	0.290719110661428	0.00203411012213277
TspeCam_1020	TspeDRC_1023	1448007840	1457966	314139	1468629	897178	516062	312334	502521	4663420	0.3722450503683	0.300333581466892	0.00209009478786781
TspeCam_1020	TspeDRC_1024	1447895010	1482743	321353	1613858	913783	585295	318381	509094	4683839	0.371519548421392	0.301529153560668	0.00218889760413328
TspeCam_1020	TspeDRC_1025	1448425269	1722360	516283	1150703	521035	388691	699472	628198	4623828	0.519471522359942	0.415645027501409	0.00234544811707134
TspeCam_1021	TspeDRC_1022	1448181887	1502372	312195	1540647	890327	544242	278522	524534	4446031	0.364718402593373	0.297619807519342	0.00212024001520916
TspeCam_1021	TspeDRC_1023	1447950997	1571394	330304	1493166	888057	530482	322064	565446	4652039	0.377056568619164	0.305771783104449	0.0021783116627904
TspeCam_1021	TspeDRC_1024	1447651692	1435019	335653	1481452	1150002	520989	322868	496019	4768319	0.35073191154327	0.276270657284109	0.00219472285758963
TspeCam_1021	TspeDRC_1025	1448220833	1688253	538420	1022096	740738	321195	716171	612456	4691799	0.504348179265208	0.394079685721475	0.00236327542121758
TspeDRC_1022	TspeDRC_1023	1448255767	1493720	263307	1383790	911028	467570	285481	523167	4429489	0.354495233359952	0.288008543943018	0.00201536259079949
TspeDRC_1022	TspeDRC_1024	1448103326	1466964	243742	1473115	970220	530309	264230	527782	4455384	0.338427077543912	0.277061426302108	0.00205219137554463
TspeDRC_1022	TspeDRC_1025	1448674837	1768691	446833	1094476	521459	357103	654820	650542	4383080	0.503330792741863	0.403737656363648	0.00226100191114153
TspeDRC_1023	TspeDRC_1024	1447960933	1472593	312626	1593905	910490	576423	310246	515712	4623463	0.368726425011538	0.299646491842198	0.00216518179920256
TspeDRC_1023	TspeDRC_1025	1448487047	1715122	507983	1139449	519550	381274	690733	633530	4565620	0.517809530700099	0.414365263146529	0.00232626130060297
TspeDRC_1024	TspeDRC_1025	1448235139	1721212	510547	1013240	748232	313297	699227	629102	4661251	0.496119415836052	0.38793891900599	0.00234641219174374
